<?xml version="1.0" encoding="UTF-8"?>
<project-private xmlns="http://www.netbeans.org/ns/project-private/1">
    <editor-bookmarks xmlns="http://www.netbeans.org/ns/editor-bookmarks/2" lastBookmarkId="0"/>
    <open-files xmlns="http://www.netbeans.org/ns/projectui-open-files/2">
        <group>
            <file>file:/C:/Users/Dany/Documents/NetBeansProjects/car_managment/src/car_managment/extra2.jpg</file>
            <file>file:/C:/Users/Dany/Documents/NetBeansProjects/car_managment/src/car_managment/sam.java</file>
            <file>file:/C:/Users/Dany/Documents/NetBeansProjects/car_managment/src/car_managment/delete.java</file>
            <file>file:/C:/Users/Dany/Documents/NetBeansProjects/car_managment/src/car_managment/Car_Minor_Checks_1.java</file>
            <file>file:/C:/Users/Dany/Documents/NetBeansProjects/car_managment/src/car_managment/Car_managment.java</file>
            <file>file:/C:/Users/Dany/Documents/NetBeansProjects/car_managment/src/car_managment/Welcome.jpg</file>
            <file>file:/C:/Users/Dany/Documents/NetBeansProjects/car_managment/src/car_managment/Extra.jpg</file>
            <file>file:/C:/Users/Dany/Documents/NetBeansProjects/car_managment/src/car_managment/Car_Service_Details_1.java</file>
            <file>file:/C:/Users/Dany/Documents/NetBeansProjects/car_managment/src/car_managment/welcome.java</file>
            <file>file:/C:/Users/Dany/Documents/NetBeansProjects/car_managment/src/car_managment/Car_Minor_Checks.java</file>
            <file>file:/C:/Users/Dany/Documents/NetBeansProjects/car_managment/src/car_managment/Basic_Details.java</file>
            <file>file:/C:/Users/Dany/Documents/NetBeansProjects/car_managment/src/car_managment/Car_Service_Details.java</file>
            <file>file:/C:/Users/Dany/Documents/NetBeansProjects/car_managment/src/car_managment/Owner_Details_1.java</file>
            <file>file:/C:/Users/Dany/Documents/NetBeansProjects/car_managment/src/car_managment/Owner_Details.java</file>
            <file>file:/C:/Users/Dany/Documents/NetBeansProjects/car_managment/src/car_managment/Car_Registration_Details.java</file>
            <file>file:/C:/Users/Dany/Documents/NetBeansProjects/car_managment/src/car_managment/Car_Registration_Details_1.java</file>
            <file>file:/C:/Users/Dany/Documents/NetBeansProjects/car_managment/src/car_managment/Basic_Details_1.java</file>
            <file>file:/C:/Users/Dany/Documents/NetBeansProjects/car_managment/src/car_managment/final.jpg</file>
            <file>file:/C:/Users/Dany/Documents/NetBeansProjects/car_managment/src/car_managment/FINISH.java</file>
            <file>file:/C:/Users/Dany/Documents/NetBeansProjects/car_managment/src/car_managment/Minor%20checks.jpg</file>
            <file>file:/C:/Users/Dany/Documents/NetBeansProjects/car_managment/src/car_managment/Car%20Service.jpg</file>
        </group>
    </open-files>
</project-private>
